986,西部超导材料科技股份有限公司,688122.SH,西部超导,986-688122.SH_西部超导_二轮反馈回复,http://static.sse.com.cn/stock/information/c/201905/f3c24d15d739441fb2762234d3740ce1.pdf,2019-05-24
987,西部超导材料科技股份有限公司,688122.SH,西部超导,987-688122.SH_西部超导_一轮反馈回复,http://static.sse.com.cn/stock/information/c/201905/dd5ea6904f314f3f87c1b8b10b0bdd2d.pdf,2019-05-09
988,广州方邦电子股份有限公司,688020.SH,方邦股份,988-688020.SH_方邦股份_二轮反馈回复,http://static.sse.com.cn/stock/information/c/201905/b72198929c0342969e8b32112f488f32.pdf,2019-05-23
989,广州方邦电子股份有限公司,688020.SH,方邦股份,989-688020.SH_方邦股份_一轮反馈回复,http://static.sse.com.cn/stock/information/c/201905/4e6d65b22ffa4159b0c28ebd4f3c5719.pdf,2019-05-07
990,南微医学科技股份有限公司,688029.SH,南微医学,990-688029.SH_南微医学_三轮反馈回复,http://static.sse.com.cn/stock/information/c/201906/14557ce0fb7e4afd925e7fb0842ac358.pdf,2019-06-02
991,南微医学科技股份有限公司,688029.SH,南微医学,991-688029.SH_南微医学_二轮反馈回复,http://static.sse.com.cn/stock/information/c/201905/26ae5cd820744b37b6add9dae6e752a5.pdf,2019-05-21
992,南微医学科技股份有限公司,688029.SH,南微医学,992-688029.SH_南微医学_一轮反馈回复,http://static.sse.com.cn/stock/information/c/201905/c51f4b92b9624c6d8b35a3ab657386f1.pdf,2019-05-05
993,浙江杭可科技股份有限公司,688006.SH,杭可科技,993-688006.SH_杭可科技_三轮反馈回复,http://static.sse.com.cn/stock/information/c/201906/7f94a81301394b14a2ef6627bd99d0e3.pdf,2019-06-03
994,浙江杭可科技股份有限公司,688006.SH,杭可科技,994-688006.SH_杭可科技_二轮反馈回复,http://static.sse.com.cn/stock/information/c/201905/81933cf288254076bec6794d8c4eeb93.pdf,2019-05-23
995,浙江杭可科技股份有限公司,688006.SH,杭可科技,995-688006.SH_杭可科技_一轮反馈回复,http://static.sse.com.cn/stock/information/c/201905/c727856bb9714e1895761338ca5dafd5.pdf,2019-05-06
996,上海晶丰明源半导体股份有限公司,688368.SH,晶丰明源,996-688368.SH_晶丰明源_三轮反馈回复,http://static.sse.com.cn/stock/information/c/201906/100c13aeaf93407db35ae6913bf8008e.pdf,2019-06-26
997,上海晶丰明源半导体股份有限公司,688368.SH,晶丰明源,997-688368.SH_晶丰明源_二轮反馈回复,http://static.sse.com.cn/stock/information/c/201905/8944de73ccea40e69681d3ef628e50d7.pdf,2019-05-30
998,上海晶丰明源半导体股份有限公司,688368.SH,晶丰明源,998-688368.SH_晶丰明源_一轮反馈回复,http://static.sse.com.cn/stock/information/c/201905/2a62f173f5ce4d9688433f3cf5478adc.pdf,2019-05-10
999,申联生物医药（上海）股份有限公司,688098.SH,申联生物,999-688098.SH_申联生物_五轮反馈回复,http://static.sse.com.cn/stock/information/c/201907/357dc107570c49b38c206bea158c93a6.pdf,2019-07-17
1000,申联生物医药（上海）股份有限公司,688098.SH,申联生物,1000-688098.SH_申联生物_四轮反馈回复,http://static.sse.com.cn/stock/information/c/201907/82ece0be3ac147bcb71b002509923638.pdf,2019-07-03
1001,申联生物医药（上海）股份有限公司,688098.SH,申联生物,1001-688098.SH_申联生物_三轮反馈回复,http://static.sse.com.cn/stock/information/c/201906/e84b173beace4a869005703d454f0460.pdf,2019-06-18
1002,申联生物医药（上海）股份有限公司,688098.SH,申联生物,1002-688098.SH_申联生物_二轮反馈回复,http://static.sse.com.cn/stock/information/c/201905/39adf66b1e1944279372d7ca079fefbd.pdf,2019-05-29
1003,申联生物医药（上海）股份有限公司,688098.SH,申联生物,1003-688098.SH_申联生物_一轮反馈回复,http://static.sse.com.cn/stock/information/c/201905/155b8b5552e541fb87e84a396d5e1661.pdf,2019-05-09
1004,上海昊海生物科技股份有限公司,688366.SH,昊海生科,1004-688366.SH_昊海生科_三轮反馈回复,http://static.sse.com.cn/stock/information/c/201906/cc21988e659d4953ad97034b278013fa.pdf,2019-06-04
1005,上海昊海生物科技股份有限公司,688366.SH,昊海生科,1005-688366.SH_昊海生科_二轮反馈回复,http://static.sse.com.cn/stock/information/c/201905/b63f05a46da8405082cff60c207ff95a.pdf,2019-05-28
1006,上海昊海生物科技股份有限公司,688366.SH,昊海生科,1006-688366.SH_昊海生科_一轮反馈回复,http://static.sse.com.cn/stock/information/c/201905/6d6c2bbb409c4d6593387cab606cb3ac.pdf,2019-05-16
1007,深圳市杰普特光电股份有限公司,688025.SH,杰普特,1007-688025.SH_杰普特_三轮反馈回复,http://static.sse.com.cn/stock/information/c/201907/565deccee7da449381249b0488a28613.pdf,2019-07-01
1008,深圳市杰普特光电股份有限公司,688025.SH,杰普特,1008-688025.SH_杰普特_二轮反馈回复,http://static.sse.com.cn/stock/information/c/201906/06f77f57285a437eb1829c5ed0130d8a.pdf,2019-06-05
1009,深圳市杰普特光电股份有限公司,688025.SH,杰普特,1009-688025.SH_杰普特_一轮反馈回复,http://static.sse.com.cn/stock/information/c/201905/0c5f189c20504963a57517444087a085.pdf,2019-05-06
1010,北京宝兰德软件股份有限公司,688058.SH,宝兰德,1010-688058.SH_宝兰德_三轮反馈回复,http://static.sse.com.cn/stock/information/c/201909/3bbe2c97606047ef9635bbc3c40c3a8b.pdf,2019-09-06
1011,北京宝兰德软件股份有限公司,688058.SH,宝兰德,1011-688058.SH_宝兰德_二轮反馈回复,http://static.sse.com.cn/stock/information/c/201906/5ac3d59d7f3d47988fd8bd3d6e044083.pdf,2019-06-25
1012,北京宝兰德软件股份有限公司,688058.SH,宝兰德,1012-688058.SH_宝兰德_一轮反馈回复,http://static.sse.com.cn/stock/information/c/201905/df28a5d0aa2a4f3e9d8a7960b29cd296.pdf,2019-05-20
1013,上海美迪西生物医药股份有限公司,688202.SH,美迪西,1013-688202.SH_美迪西_五轮反馈回复,http://static.sse.com.cn/stock/information/c/201907/4954ccdf5e5d4808b09d3125837e4911.pdf,2019-07-31
1014,上海美迪西生物医药股份有限公司,688202.SH,美迪西,1014-688202.SH_美迪西_四轮反馈回复,http://static.sse.com.cn/stock/information/c/201906/f51c842cba3e4b76950732d969940cdb.pdf,2019-06-28
1015,上海美迪西生物医药股份有限公司,688202.SH,美迪西,1015-688202.SH_美迪西_三轮反馈回复,http://static.sse.com.cn/stock/information/c/201906/1f31b0544a6e41e0be71248418defc9c.pdf,2019-06-13
1016,上海美迪西生物医药股份有限公司,688202.SH,美迪西,1016-688202.SH_美迪西_二轮反馈回复,http://static.sse.com.cn/stock/information/c/201905/1e2a97e17add49cdb559b2654104fdbb.pdf,2019-05-27
1017,上海美迪西生物医药股份有限公司,688202.SH,美迪西,1017-688202.SH_美迪西_一轮反馈回复,http://static.sse.com.cn/stock/information/c/201905/bb0efa22b4994238b9f470a5989a57d8.pdf,2019-05-09
1018,三达膜环境技术股份有限公司,688101.SH,三达膜,1018-688101.SH_三达膜_三轮反馈回复,http://static.sse.com.cn/stock/information/c/201909/4bd1f8704da0449c8092e2e4b9d23f4d.pdf,2019-09-12
1019,三达膜环境技术股份有限公司,688101.SH,三达膜,1019-688101.SH_三达膜_二轮反馈回复,http://static.sse.com.cn/stock/information/c/201907/eae199e4244b46e29b630b3b163aa5a6.pdf,2019-07-19
1020,三达膜环境技术股份有限公司,688101.SH,三达膜,1020-688101.SH_三达膜_一轮反馈回复,http://static.sse.com.cn/stock/information/c/201906/7f0d786dc31d4afcb7159d50282b2d55.pdf,2019-06-19
1021,江苏联瑞新材料股份有限公司,688300.SH,联瑞新材,1021-688300.SH_联瑞新材_三轮反馈回复,http://static.sse.com.cn/stock/information/c/201909/5a36bc90f9124aea907c86db06eed9c9.pdf,2019-09-11
1022,江苏联瑞新材料股份有限公司,688300.SH,联瑞新材,1022-688300.SH_联瑞新材_二轮反馈回复,http://static.sse.com.cn/stock/information/c/201905/dced2f9bd26b483584499ebd39610caa.pdf,2019-05-23
1023,江苏联瑞新材料股份有限公司,688300.SH,联瑞新材,1023-688300.SH_联瑞新材_一轮反馈回复,http://static.sse.com.cn/stock/information/c/201905/eb7dc704d8a147088a8d6365e11fe052.pdf,2019-05-02
1024,北京金山办公软件股份有限公司,688111.SH,金山办公,1024-688111.SH_金山办公_四轮反馈回复,http://static.sse.com.cn/stock/information/c/201909/bbb7e95e893a461db6217e0958db970f.pdf,2019-09-12
1025,北京金山办公软件股份有限公司,688111.SH,金山办公,1025-688111.SH_金山办公_三轮反馈回复,http://static.sse.com.cn/stock/information/c/201908/8a05f9244c964865a175be461ebc5843.pdf,2019-08-26
1026,北京金山办公软件股份有限公司,688111.SH,金山办公,1026-688111.SH_金山办公_二轮反馈回复,http://static.sse.com.cn/stock/information/c/201907/fd096c178f1d4966b066fd43acf1eeb5.pdf,2019-07-15
1027,北京金山办公软件股份有限公司,688111.SH,金山办公,1027-688111.SH_金山办公_一轮反馈回复,http://static.sse.com.cn/stock/information/c/201906/9fc27db14b55481baef33da3f69da290.pdf,2019-06-20
1028,深圳清溢光电股份有限公司,688138.SH,清溢光电,1028-688138.SH_清溢光电_二轮反馈回复,http://static.sse.com.cn/stock/information/c/201909/a098254fd8e04cc68bb84b807f6549bd.pdf,2019-09-12
1029,深圳清溢光电股份有限公司,688138.SH,清溢光电,1029-688138.SH_清溢光电_一轮反馈回复,http://static.sse.com.cn/stock/information/c/201908/da25dcaf3ca04ebf9943d9ebd3432581.pdf,2019-08-16
1030,龙岩卓越新能源股份有限公司,688196.SH,卓越新能,1030-688196.SH_卓越新能_三轮反馈回复,http://static.sse.com.cn/stock/information/c/201909/ba32f9d6d4004b90bb6df4bfbbaaf563.pdf,2019-09-02
1031,龙岩卓越新能源股份有限公司,688196.SH,卓越新能,1031-688196.SH_卓越新能_二轮反馈回复,http://static.sse.com.cn/stock/information/c/201908/3147289b67d740cfad85ad99dfccc6e6.pdf,2019-08-01
1032,龙岩卓越新能源股份有限公司,688196.SH,卓越新能,1032-688196.SH_卓越新能_一轮反馈回复,http://static.sse.com.cn/stock/information/c/201907/4163a0b15e374cdfbd6f7a8f555062e3.pdf,2019-07-05
1033,迈得医疗工业设备股份有限公司,688310.SH,迈得医疗,1033-688310.SH_迈得医疗_二轮反馈回复,http://static.sse.com.cn/stock/information/c/201907/27522ede28b34e1690e9116a7b5ececa.pdf,2019-07-31
1034,迈得医疗工业设备股份有限公司,688310.SH,迈得医疗,1034-688310.SH_迈得医疗_一轮反馈回复,http://static.sse.com.cn/stock/information/c/201907/16e193f023a6416ab4e94e1b76e7c05c.pdf,2019-07-05
1035,普元信息技术股份有限公司,688118.SH,普元信息,1035-688118.SH_普元信息_二轮反馈回复,http://static.sse.com.cn/stock/information/c/201909/0bf301e1fdf441a2aed598a146c3db3e.pdf,2019-09-20
1036,普元信息技术股份有限公司,688118.SH,普元信息,1036-688118.SH_普元信息_一轮反馈回复,http://static.sse.com.cn/stock/information/c/201908/ed200cdade7a4fbf95e16065393ae08b.pdf,2019-08-15
1037,嘉必优生物技术（武汉）股份有限公司,688089.SH,嘉必优,1037-688089.SH_嘉必优_三轮反馈回复,http://static.sse.com.cn/stock/information/c/201910/8e307ec4f5eb446fb8b015ca6f87dc80.pdf,2019-10-16
1038,嘉必优生物技术（武汉）股份有限公司,688089.SH,嘉必优,1038-688089.SH_嘉必优_二轮反馈回复,http://static.sse.com.cn/stock/information/c/201909/a927f18fb5c44272a1860328a77ee6fc.pdf,2019-09-17
1039,嘉必优生物技术（武汉）股份有限公司,688089.SH,嘉必优,1039-688089.SH_嘉必优_一轮反馈回复,http://static.sse.com.cn/stock/information/c/201907/6033435ec1d842b0961b0ff7376ab415.pdf,2019-07-09
1040,北京龙软科技股份有限公司,688078.SH,龙软科技,1040-688078.SH_龙软科技_六轮反馈回复,http://static.sse.com.cn/stock/information/c/201910/25368870caa54deda66d855d60c1fc2a.pdf,2019-10-12
1041,北京龙软科技股份有限公司,688078.SH,龙软科技,1041-688078.SH_龙软科技_五轮反馈回复,http://static.sse.com.cn/stock/information/c/201910/49b82a907b2c476f965f36597de0b8b3.pdf,2019-10-08
1042,北京龙软科技股份有限公司,688078.SH,龙软科技,1042-688078.SH_龙软科技_四轮反馈回复,http://static.sse.com.cn/stock/information/c/201909/1c5f860b6dd2439c880c4e38e0f70f8d.pdf,2019-09-03
1043,北京龙软科技股份有限公司,688078.SH,龙软科技,1043-688078.SH_龙软科技_三轮反馈回复,http://static.sse.com.cn/stock/information/c/201907/8ca544ab73064576b2a8daa61de5c7fb.pdf,2019-07-02
1044,北京龙软科技股份有限公司,688078.SH,龙软科技,1044-688078.SH_龙软科技_二轮反馈回复,http://static.sse.com.cn/stock/information/c/201905/8f9937d37ac546148db503e6333dc31f.pdf,2019-05-29
1045,北京龙软科技股份有限公司,688078.SH,龙软科技,1045-688078.SH_龙软科技_一轮反馈回复,http://static.sse.com.cn/stock/information/c/201905/526f209ebb6746afa32f5667fbed758e.pdf,2019-05-01
1046,广州洁特生物过滤股份有限公司,688026.SH,洁特生物,1046-688026.SH_洁特生物_四轮反馈回复,http://static.sse.com.cn/stock/information/c/201910/d93792fb3587444b8eb2897702e17bbb.pdf,2019-10-24
1047,广州洁特生物过滤股份有限公司,688026.SH,洁特生物,1047-688026.SH_洁特生物_三轮反馈回复,http://static.sse.com.cn/stock/information/c/201910/948f13c1fe044db18fa7f365b880dc5b.pdf,2019-10-11
1048,广州洁特生物过滤股份有限公司,688026.SH,洁特生物,1048-688026.SH_洁特生物_二轮反馈回复,http://static.sse.com.cn/stock/information/c/201909/01610859cbd148bc86269a4636d90e04.pdf,2019-09-17
1049,广州洁特生物过滤股份有限公司,688026.SH,洁特生物,1049-688026.SH_洁特生物_一轮反馈回复,http://static.sse.com.cn/stock/information/c/201908/5c42a628341c4ab784d5ae93824baed9.pdf,2019-08-19
1050,深圳市有方科技股份有限公司,688159.SH,有方科技,1050-688159.SH_有方科技_四轮反馈回复,http://static.sse.com.cn/stock/information/c/201909/85100b55209848d8997d9434fd9bbe56.pdf,2019-09-20
1051,深圳市有方科技股份有限公司,688159.SH,有方科技,1051-688159.SH_有方科技_三轮反馈回复,http://static.sse.com.cn/stock/information/c/201908/dfcb19a963b24a449d92b2b23d09e472.pdf,2019-08-30
1052,深圳市有方科技股份有限公司,688159.SH,有方科技,1052-688159.SH_有方科技_二轮反馈回复,http://static.sse.com.cn/stock/information/c/201907/ef63bc6fa0a445948150227b703e3146.pdf,2019-07-30
1053,深圳市有方科技股份有限公司,688159.SH,有方科技,1053-688159.SH_有方科技_一轮反馈回复,http://static.sse.com.cn/stock/information/c/201907/aeb9b99c710143b6bac96bb976be028b.pdf,2019-07-04
1054,福建赛特新材股份有限公司,688398.SH,赛特新材,1054-688398.SH_赛特新材_二轮反馈回复,http://static.sse.com.cn/stock/information/c/201910/63a9b4dc426a45e4a3e225b71622e1cc.pdf,2019-10-16
1055,福建赛特新材股份有限公司,688398.SH,赛特新材,1055-688398.SH_赛特新材_一轮反馈回复,http://static.sse.com.cn/stock/information/c/201909/9175d3c7a78144eea133e825c2755b0c.pdf,2019-09-24
1056,北京映翰通网络技术股份有限公司,688080.SH,映翰通,1056-688080.SH_映翰通_四轮反馈回复,http://static.sse.com.cn/stock/information/c/201910/c586a59a72714de39e8cda391eee269b.pdf,2019-10-16
1057,北京映翰通网络技术股份有限公司,688080.SH,映翰通,1057-688080.SH_映翰通_三轮反馈回复,http://static.sse.com.cn/stock/information/c/201909/30842f93dedc4d16b695fa4263bf15c0.pdf,2019-09-16
1058,北京映翰通网络技术股份有限公司,688080.SH,映翰通,1058-688080.SH_映翰通_二轮反馈回复,http://static.sse.com.cn/stock/information/c/201907/3e46dde3464143c09cb26cd6d6e50627.pdf,2019-07-18
1059,北京映翰通网络技术股份有限公司,688080.SH,映翰通,1059-688080.SH_映翰通_一轮反馈回复,http://static.sse.com.cn/stock/information/c/201906/ddae271d8ef044a890a0598bb238b7c2.pdf,2019-06-12
1060,深圳市道通科技股份有限公司,688208.SH,道通科技,1060-688208.SH_道通科技_三轮反馈回复,http://static.sse.com.cn/stock/information/c/201911/dc8029febe90466dbaed2a57b1311da5.pdf,2019-11-05
1061,深圳市道通科技股份有限公司,688208.SH,道通科技,1061-688208.SH_道通科技_二轮反馈回复,http://static.sse.com.cn/stock/information/c/201909/9655331cf49b445e82ee10c73b3e7edd.pdf,2019-09-17
1062,深圳市道通科技股份有限公司,688208.SH,道通科技,1062-688208.SH_道通科技_一轮反馈回复,http://static.sse.com.cn/stock/information/c/201908/eced22deae2d4efe9440c28d22250c62.pdf,2019-08-23
1063,深圳市财富趋势科技股份有限公司,688318.SH,财富趋势,1063-688318.SH_财富趋势_四轮反馈回复,http://static.sse.com.cn/stock/information/c/201911/24b2964ae2a543a594ee7145c223b9b1.pdf,2019-11-19
1064,深圳市财富趋势科技股份有限公司,688318.SH,财富趋势,1064-688318.SH_财富趋势_三轮反馈回复,http://static.sse.com.cn/stock/information/c/201911/4dc5eb6b9ce747b1b4dadf50b2fb6767.pdf,2019-11-13
1065,深圳市财富趋势科技股份有限公司,688318.SH,财富趋势,1065-688318.SH_财富趋势_二轮反馈回复,http://static.sse.com.cn/stock/information/c/201910/179a097c7e2e4220ad878efe9bddd9dc.pdf,2019-10-16
1066,深圳市财富趋势科技股份有限公司,688318.SH,财富趋势,1066-688318.SH_财富趋势_一轮反馈回复,http://static.sse.com.cn/stock/information/c/201909/6abd75dfee454959934e56c4a4787ca8.pdf,2019-09-05
1067,苏州工业园区凌志软件股份有限公司,688588.SH,凌志软件,1067-688588.SH_凌志软件_三轮反馈回复,http://static.sse.com.cn/stock/information/c/201907/c238863bebf5465688c2845f3720d50f.pdf,2019-07-16
1068,苏州工业园区凌志软件股份有限公司,688588.SH,凌志软件,1068-688588.SH_凌志软件_二轮反馈回复,http://static.sse.com.cn/stock/information/c/201906/54e2b0513e374f4297a77e5cc8a291dd.pdf,2019-06-14
1069,苏州工业园区凌志软件股份有限公司,688588.SH,凌志软件,1069-688588.SH_凌志软件_一轮反馈回复,http://static.sse.com.cn/stock/information/c/201905/d8f8ccf7811a4fb994d116058b832401.pdf,2019-05-10
1070,北京市博汇科技股份有限公司,688004.SH,博汇科技,1070-688004.SH_博汇科技_三轮反馈回复,http://static.sse.com.cn/stock/information/c/202003/8506a522715242f8a594ebccf7e34f7c.pdf,2020-03-19
1071,北京市博汇科技股份有限公司,688004.SH,博汇科技,1071-688004.SH_博汇科技_二轮反馈回复,http://static.sse.com.cn/stock/information/c/202003/72c8dde3a703431fbf21fcd4a640fddd.pdf,2020-03-03
1072,北京市博汇科技股份有限公司,688004.SH,博汇科技,1072-688004.SH_博汇科技_一轮反馈回复,http://static.sse.com.cn/stock/information/c/202001/70e417e0d59a407db70a3e21b51acc68.pdf,2020-01-08
1073,金宏气体股份有限公司,688106.SH,金宏气体,1073-688106.SH_金宏气体_二轮反馈回复,http://static.sse.com.cn/stock/information/c/202003/a18ebb2f93ca4a4399c4695ce97e4e5c.pdf,2020-03-27
1074,金宏气体股份有限公司,688106.SH,金宏气体,1074-688106.SH_金宏气体_一轮反馈回复,http://static.sse.com.cn/stock/information/c/202003/f6769a7ec3fb4bc2a6e82b78a5c44c36.pdf,2020-03-10
1075,南通国盛智能科技集团股份有限公司,688558.SH,国盛智科,1075-688558.SH_国盛智科_三轮反馈回复,http://static.sse.com.cn/stock/information/c/202004/5f4dee4dc50d4ab8a759b51d649e8902.pdf,2020-04-15
1076,南通国盛智能科技集团股份有限公司,688558.SH,国盛智科,1076-688558.SH_国盛智科_二轮反馈回复,http://static.sse.com.cn/stock/information/c/202003/d27d00b0cc28463d955365f9014ba9b9.pdf,2020-03-12
1077,南通国盛智能科技集团股份有限公司,688558.SH,国盛智科,1077-688558.SH_国盛智科_一轮反馈回复,http://static.sse.com.cn/stock/information/c/202001/da5ea4061ea44a62b926e1bfa575fed8.pdf,2020-01-09
1078,南京迪威尔高端制造股份有限公司,688377.SH,迪威尔,1078-688377.SH_迪威尔_三轮反馈回复,http://static.sse.com.cn/stock/information/c/202004/f2abd355e020493a8971ce9509ae6403.pdf,2020-04-09
1079,南京迪威尔高端制造股份有限公司,688377.SH,迪威尔,1079-688377.SH_迪威尔_二轮反馈回复,http://static.sse.com.cn/stock/information/c/202001/8e3b2574ad3e4d7c97659221671025af.pdf,2020-01-21
1080,南京迪威尔高端制造股份有限公司,688377.SH,迪威尔,1080-688377.SH_迪威尔_一轮反馈回复,http://static.sse.com.cn/stock/information/c/201912/a5f117bf50c2421988abf21d094227ed.pdf,2019-12-16
1081,江苏云涌电子科技股份有限公司,688060.SH,云涌科技,1081-688060.SH_云涌科技_二轮反馈回复,http://static.sse.com.cn/stock/information/c/202004/91c35cbca9e04f49a4e143c9f0956271.pdf,2020-04-22
1082,江苏云涌电子科技股份有限公司,688060.SH,云涌科技,1082-688060.SH_云涌科技_一轮反馈回复,http://static.sse.com.cn/stock/information/c/202003/c87902a0bf90476eab01a7577d33ed81.pdf,2020-03-23
1083,安徽大地熊新材料股份有限公司,688077.SH,大地熊,1083-688077.SH_大地熊_二轮反馈回复,http://static.sse.com.cn/stock/information/c/202005/d08ec609ce8c4218a987e322d62ed934.pdf,2020-05-13
1084,安徽大地熊新材料股份有限公司,688077.SH,大地熊,1084-688077.SH_大地熊_一轮反馈回复,http://static.sse.com.cn/stock/information/c/202004/4b644b6d207b44baaef8038553ae7777.pdf,2020-04-13
1085,深圳市力合微电子股份有限公司,688589.SH,力合微,1085-688589.SH_力合微_二轮反馈回复,http://static.sse.com.cn/stock/information/c/202005/e19e7f213cef48c7aaaa37b005fdd6d6.pdf,2020-05-15
1086,深圳市力合微电子股份有限公司,688589.SH,力合微,1086-688589.SH_力合微_一轮反馈回复,http://static.sse.com.cn/stock/information/c/202004/b9313b59dcd54a6981c26bb650452218.pdf,2020-04-14
1087,无锡芯朋微电子股份有限公司,688508.SH,芯朋微,1087-688508.SH_芯朋微_二轮反馈回复,http://static.sse.com.cn/stock/information/c/202004/29cf845d9ad84f5787566a63214d9eb2.pdf,2020-04-22
1088,无锡芯朋微电子股份有限公司,688508.SH,芯朋微,1088-688508.SH_芯朋微_一轮反馈回复,http://static.sse.com.cn/stock/information/c/202003/34cedb8e62b144038e558a0601e8f790.pdf,2020-03-03
1089,深圳震有科技股份有限公司,688418.SH,震有科技,1089-688418.SH_震有科技_二轮反馈回复,http://static.sse.com.cn/stock/information/c/202004/066c6e188c844fa8a08a53bf92bb99af.pdf,2020-04-20
1090,深圳震有科技股份有限公司,688418.SH,震有科技,1090-688418.SH_震有科技_一轮反馈回复,http://static.sse.com.cn/stock/information/c/202002/e6fba0c8614e4f19991d1ad79e7045e4.pdf,2020-02-03
1091,三生国健药业（上海）股份有限公司,688336.SH,三生国健,1091-688336.SH_三生国健_二轮反馈回复,http://static.sse.com.cn/stock/information/c/202004/935d3f8c2a39448f9bb929968d4c4a9a.pdf,2020-04-08
1092,三生国健药业（上海）股份有限公司,688336.SH,三生国健,1092-688336.SH_三生国健_一轮反馈回复,http://static.sse.com.cn/stock/information/c/202001/7a060585be7a46de92d218263c45decc.pdf,2020-01-10
1093,北京博睿宏远数据科技股份有限公司,688229.SH,博睿数据,1093-688229.SH_博睿数据_二轮反馈回复,http://static.sse.com.cn/stock/information/c/202005/6347c947c608420a8cfa2737b28bca8b.pdf,2020-05-25
1094,北京博睿宏远数据科技股份有限公司,688229.SH,博睿数据,1094-688229.SH_博睿数据_一轮反馈回复,http://static.sse.com.cn/stock/information/c/202004/2fe4092b6b3f4a06b160e83622e9693f.pdf,2020-04-29
1095,南亚新材料科技股份有限公司,688519.SH,南亚新材,1095-688519.SH_南亚新材_二轮反馈回复,http://static.sse.com.cn/stock/information/c/202005/73b86d4c5e44495aa2b7085a980e6cb5.pdf,2020-05-22
1096,南亚新材料科技股份有限公司,688519.SH,南亚新材,1096-688519.SH_南亚新材_一轮反馈回复,http://static.sse.com.cn/stock/information/c/202004/165a7d09da594f65b92d651a44b9d898.pdf,2020-04-30
1097,杭州华光焊接新材料股份有限公司,688379.SH,华光新材,1097-688379.SH_华光新材_二轮反馈回复,http://static.sse.com.cn/stock/information/c/202005/bdebbb965d554cc89a0c03200f19e118.pdf,2020-05-12
1098,杭州华光焊接新材料股份有限公司,688379.SH,华光新材,1098-688379.SH_华光新材_一轮反馈回复,http://static.sse.com.cn/stock/information/c/202004/5c33d4efcf1f459db9f41e0cd490f068.pdf,2020-04-02
1099,广州安必平医药科技股份有限公司,688393.SH,安必平,1099-688393.SH_安必平_二轮反馈回复,http://static.sse.com.cn/stock/information/c/202005/2935d7e75c4143b58aa220e6ea65c2ba.pdf,2020-05-19
1100,广州安必平医药科技股份有限公司,688393.SH,安必平,1100-688393.SH_安必平_一轮反馈回复,http://static.sse.com.cn/stock/information/c/202004/1d585bf51bef4ca29b27269005327d47.pdf,2020-04-21
1101,江苏中信博新能源科技股份有限公司,688408.SH,中信博,1101-688408.SH_中信博_二轮反馈回复,http://static.sse.com.cn/stock/information/c/202006/800ec1e1ed694ec1828d20255c261e13.pdf,2020-06-03
1102,江苏中信博新能源科技股份有限公司,688408.SH,中信博,1102-688408.SH_中信博_一轮反馈回复,http://static.sse.com.cn/stock/information/c/202006/36c91bdc7f004398a7b5c29113ff28e7.pdf,2020-05-25
1103,北京莱伯泰科仪器股份有限公司,688056.SH,莱伯泰科,1103-688056.SH_莱伯泰科_二轮反馈回复,http://static.sse.com.cn/stock/information/c/202006/b37fe16ec01e4732bd9fb081f292060c.pdf,2020-06-04
1104,北京莱伯泰科仪器股份有限公司,688056.SH,莱伯泰科,1104-688056.SH_莱伯泰科_一轮反馈回复,http://static.sse.com.cn/stock/information/c/202004/5da965b793fc4606b3247a37db4350ed.pdf,2020-04-30
1105,西安瑞联新材料股份有限公司,688550.SH,瑞联新材,1105-688550.SH_瑞联新材_二轮反馈回复,http://static.sse.com.cn/stock/information/c/202005/be648ea956ef4e3bb9eb04cf833ee728.pdf,2020-05-25
1106,西安瑞联新材料股份有限公司,688550.SH,瑞联新材,1106-688550.SH_瑞联新材_一轮反馈回复,http://static.sse.com.cn/stock/information/c/202004/2c3d3c48712a440bae923f2fa6971ea4.pdf,2020-04-27
1107,成都苑东生物制药股份有限公司,688513.SH,苑东生物,1107-688513.SH_苑东生物_四轮反馈回复,http://static.sse.com.cn/stock/information/c/201907/52c5e7d6342b48268d7e1253f6ac0643.pdf,2019-07-17
1108,成都苑东生物制药股份有限公司,688513.SH,苑东生物,1108-688513.SH_苑东生物_三轮反馈回复,http://static.sse.com.cn/stock/information/c/201906/ba629f07cddf4e6abe54a9e0df695aba.pdf,2019-06-14
1109,成都苑东生物制药股份有限公司,688513.SH,苑东生物,1109-688513.SH_苑东生物_二轮反馈回复,http://static.sse.com.cn/stock/information/c/201905/6115d34ca02f4b4985ecfe3fc6191869.pdf,2019-05-21
1110,成都苑东生物制药股份有限公司,688513.SH,苑东生物,1110-688513.SH_苑东生物_一轮反馈回复,http://static.sse.com.cn/stock/information/c/201905/401d4f738a834ffb93f593171073d00f.pdf,2019-05-05
1111,上海奕瑞光电子科技股份有限公司,688301.SH,奕瑞科技,1111-688301.SH_奕瑞科技_三轮反馈回复,http://static.sse.com.cn/stock/information/c/202006/d7d1be2f70c4496789481207f5055c52.pdf,2020-06-30
1112,上海奕瑞光电子科技股份有限公司,688301.SH,奕瑞科技,1112-688301.SH_奕瑞科技_二轮反馈回复,http://static.sse.com.cn/stock/information/c/202006/fef6f7c4649142ca99a1d8a148808dea.pdf,2020-06-14
1113,上海奕瑞光电子科技股份有限公司,688301.SH,奕瑞科技,1113-688301.SH_奕瑞科技_一轮反馈回复,http://static.sse.com.cn/stock/information/c/202005/86db228f68c84fa6a17e6adc396ddd6c.pdf,2020-05-07
1114,上海泰坦科技股份有限公司,688133.SH,泰坦科技,1114-688133.SH_泰坦科技_四轮反馈回复,http://static.sse.com.cn/stock/information/c/201907/6e8c8293e0234804b0485f0506d39b9d.pdf,2019-07-30
1115,上海泰坦科技股份有限公司,688133.SH,泰坦科技,1115-688133.SH_泰坦科技_三轮反馈回复,http://static.sse.com.cn/stock/information/c/201907/fbf84e65a22f4533976ef5106db0280b.pdf,2019-07-02
1116,上海泰坦科技股份有限公司,688133.SH,泰坦科技,1116-688133.SH_泰坦科技_二轮反馈回复,http://static.sse.com.cn/stock/information/c/201906/f03b786f5f9c4b45b97d0e77c7cc93a3.pdf,2019-06-09
1117,上海泰坦科技股份有限公司,688133.SH,泰坦科技,1117-688133.SH_泰坦科技_一轮反馈回复,http://static.sse.com.cn/stock/information/c/201905/50ffed203dd44085a8415fda07681b0b.pdf,2019-05-01
1118,江西金达莱环保股份有限公司,688057.SH,金达莱,1118-688057.SH_金达莱_三轮反馈回复,http://static.sse.com.cn/stock/information/c/201910/8c286bb0dc624b2f98f0072c0a3a94f9.pdf,2019-10-18
1119,江西金达莱环保股份有限公司,688057.SH,金达莱,1119-688057.SH_金达莱_二轮反馈回复,http://static.sse.com.cn/stock/information/c/201907/ef8e7fe7c05a4b63b61b0882bcc04295.pdf,2019-07-18
1120,江西金达莱环保股份有限公司,688057.SH,金达莱,1120-688057.SH_金达莱_一轮反馈回复,http://static.sse.com.cn/stock/information/c/201905/871c556d9aa0447ca1e5b72eb3f65032.pdf,2019-05-10
1121,上海步科自动化股份有限公司,688160.SH,步科股份,1121-688160.SH_步科股份_二轮反馈回复,http://static.sse.com.cn/stock/information/c/202007/d29ca673690e4ca1967661cc4d3181ed.pdf,2020-07-24
1122,上海步科自动化股份有限公司,688160.SH,步科股份,1122-688160.SH_步科股份_一轮反馈回复,http://static.sse.com.cn/stock/information/c/202006/65f3cc718a2a491eb6fdd75b0ab6e94b.pdf,2020-06-23
1123,上海新致软件股份有限公司,688590.SH,新致软件,1123-688590.SH_新致软件_三轮反馈回复,http://static.sse.com.cn/stock/information/c/202008/dee8b4f257594247856c13674cbc4c6d.pdf,2020-08-04
1124,上海新致软件股份有限公司,688590.SH,新致软件,1124-688590.SH_新致软件_二轮反馈回复,http://static.sse.com.cn/stock/information/c/202006/6afdf1ec1d204d3aaa9c95f34ffd4526.pdf,2020-06-07
1125,上海新致软件股份有限公司,688590.SH,新致软件,1125-688590.SH_新致软件_一轮反馈回复,http://static.sse.com.cn/stock/information/c/202005/2671d72e6a1342a89350593c44e87edc.pdf,2020-05-08
1126,杭华油墨股份有限公司,688571.SH,杭华股份,1126-688571.SH_杭华股份_二轮反馈回复,http://static.sse.com.cn/stock/information/c/202008/78691e49b99a4b049a8b6961004245ea.pdf,2020-08-03
1127,杭华油墨股份有限公司,688571.SH,杭华股份,1127-688571.SH_杭华股份_一轮反馈回复,http://static.sse.com.cn/stock/information/c/202007/bc3fcaf02bcf47c49475dd00c379299e.pdf,2020-07-03
1128,深圳市明微电子股份有限公司,688699.SH,明微电子,1128-688699.SH_明微电子_二轮反馈回复,http://static.sse.com.cn/stock/information/c/202008/5bd6d6444ec74709bccaddc674a79d5d.pdf,2020-08-12
1129,深圳市明微电子股份有限公司,688699.SH,明微电子,1129-688699.SH_明微电子_一轮反馈回复,http://static.sse.com.cn/stock/information/c/202006/2143c2463fbf4fa8937e478fb5f61b24.pdf,2020-06-29
1130,明冠新材料股份有限公司,688560.SH,明冠新材,1130-688560.SH_明冠新材_二轮反馈回复,http://static.sse.com.cn/stock/information/c/202008/bfaae54ba5f746d1b5c0e423aca82a60.pdf,2020-08-27
1131,明冠新材料股份有限公司,688560.SH,明冠新材,1131-688560.SH_明冠新材_一轮反馈回复,http://static.sse.com.cn/stock/information/c/202007/5a2b85acba044770bb737cab9d4f4c5f.pdf,2020-07-20
1132,江苏浩欧博生物医药股份有限公司,688656.SH,浩欧博,1132-688656.SH_浩欧博_四轮反馈回复,http://static.sse.com.cn/stock/information/c/201911/97839096c42a4928a69d0da8aab95112.pdf,2019-11-19
1133,江苏浩欧博生物医药股份有限公司,688656.SH,浩欧博,1133-688656.SH_浩欧博_三轮反馈回复,http://static.sse.com.cn/stock/information/c/201909/55f00bfe81a542008cedb504fc3a6d70.pdf,2019-09-27
1134,江苏浩欧博生物医药股份有限公司,688656.SH,浩欧博,1134-688656.SH_浩欧博_二轮反馈回复,http://static.sse.com.cn/stock/information/c/201907/534af9c23bb74ba09e8413f67d9c7daf.pdf,2019-07-16
1135,江苏浩欧博生物医药股份有限公司,688656.SH,浩欧博,1135-688656.SH_浩欧博_一轮反馈回复,http://static.sse.com.cn/stock/information/c/201906/690130c6830045d9b85cdd16b05e99be.pdf,2019-06-25
1136,上海之江生物科技股份有限公司,688317.SH,之江生物,1136-688317.SH_之江生物_二轮反馈回复,http://static.sse.com.cn/stock/information/c/202009/edcb1549d65b4cc5afedb0a7594afd9f.pdf,2020-09-01
1137,上海之江生物科技股份有限公司,688317.SH,之江生物,1137-688317.SH_之江生物_一轮反馈回复,http://static.sse.com.cn/stock/information/c/202007/1620d787db0c44f982126f189a88bf1d.pdf,2020-07-29
1138,广东聚石化学股份有限公司,688669.SH,聚石化学,1138-688669.SH_聚石化学_二轮反馈回复,http://static.sse.com.cn/stock/information/c/202008/e6c67c0ccb6b4424b1a72925d6d5497a.pdf,2020-08-28
1139,广东聚石化学股份有限公司,688669.SH,聚石化学,1139-688669.SH_聚石化学_一轮反馈回复,http://static.sse.com.cn/stock/information/c/202007/53a90a00a23b448393245900d2243996.pdf,2020-07-17
1140,常州银河世纪微电子股份有限公司,688689.SH,银河微电,1140-688689.SH_银河微电_二轮反馈回复,http://static.sse.com.cn/stock/information/c/202009/f879b2b2f2b149da86609e8db5c7c548.pdf,44083
1141,常州银河世纪微电子股份有限公司,688689.SH,银河微电,1141-688689.SH_银河微电_一轮反馈回复,http://static.sse.com.cn/stock/information/c/202007/520ed42984cc4448bd83ed90c611af44.pdf,2020-07-31
1142,江苏富淼科技股份有限公司,688350.SH,富淼科技,1142-688350.SH_富淼科技_二轮反馈回复,http://static.sse.com.cn/stock/information/c/202009/a64089939b0a49b290ca6dca3731d0de.pdf,2020-09-07
1143,江苏富淼科技股份有限公司,688350.SH,富淼科技,1143-688350.SH_富淼科技_一轮反馈回复,http://static.sse.com.cn/stock/information/c/202008/cf60ee0129624f86b7306c4313728cfd.pdf,2020-08-03
1144,北京凯因科技股份有限公司,688687.SH,凯因科技,1144-688687.SH_凯因科技_二轮反馈回复,http://static.sse.com.cn/stock/information/c/202009/e7e08d69122b4921a87f4465e82e8a08.pdf,2020-09-02
1145,北京凯因科技股份有限公司,688687.SH,凯因科技,1145-688687.SH_凯因科技_一轮反馈回复,http://static.sse.com.cn/stock/information/c/202007/dfe084f691c94ea0bcab54145a07ec8a.pdf,2020-07-31
1146,杭州西力智能科技股份有限公司,688616.SH,西力科技,1146-688616.SH_西力科技_二轮反馈回复,http://static.sse.com.cn/stock/information/c/202009/611b7a88f5b940968c382ff004093669.pdf,2020-09-18
1147,杭州西力智能科技股份有限公司,688616.SH,西力科技,1147-688616.SH_西力科技_一轮反馈回复,http://static.sse.com.cn/stock/information/c/202008/7ad6999cd3024dd4951ecfda07889077.pdf,2020-08-10
1148,广东九联科技股份有限公司,688609.SH,九联科技,1148-688609.SH_九联科技_二轮反馈回复,http://static.sse.com.cn/stock/information/c/202009/ed1b93eaa5d24f28bc4590da5b5740ad.pdf,2020-09-30
1149,广东九联科技股份有限公司,688609.SH,九联科技,1149-688609.SH_九联科技_一轮反馈回复,http://static.sse.com.cn/stock/information/c/202008/b7078440634542bfb85511a03dba0e3c.pdf,2020-08-07
1150,杭州奥泰生物技术股份有限公司,688606.SH,奥泰生物,1150-688606.SH_奥泰生物_三轮反馈回复,http://static.sse.com.cn/stock/information/c/202009/d4c25046d81b4aa3ac8b255452292411.pdf,2020-09-18
1151,杭州奥泰生物技术股份有限公司,688606.SH,奥泰生物,1151-688606.SH_奥泰生物_二轮反馈回复,http://static.sse.com.cn/stock/information/c/202008/23cd6fb517f640f7b6291fd7940e3987.pdf,2020-08-21
1152,杭州奥泰生物技术股份有限公司,688606.SH,奥泰生物,1152-688606.SH_奥泰生物_一轮反馈回复,http://static.sse.com.cn/stock/information/c/202007/47bbc956af4f45878d74268240dba4fa.pdf,2020-07-20
1153,苏州艾隆科技股份有限公司,688329.SH,艾隆科技,1153-688329.SH_艾隆科技_二轮反馈回复,http://static.sse.com.cn/stock/information/c/202010/fd632b28998f45a98f613b7ffbdd7f88.pdf,2020-10-16
1154,苏州艾隆科技股份有限公司,688329.SH,艾隆科技,1154-688329.SH_艾隆科技_一轮反馈回复,http://static.sse.com.cn/stock/information/c/202008/279a38ed9dfa48c7848465551436440c.pdf,2020-08-26
1155,品茗科技股份有限公司,688109.SH,品茗科技,1155-688109.SH_品茗科技_二轮反馈回复,http://static.sse.com.cn/stock/information/c/202009/d6a5886852f84fa08fc152de9c7f2440.pdf,2020-09-04
1156,品茗科技股份有限公司,688109.SH,品茗科技,1156-688109.SH_品茗科技_一轮反馈回复,http://static.sse.com.cn/stock/information/c/202008/d46d4e94c75044a1a3b2024652f9360e.pdf,2020-08-11
1157,北京诺禾致源科技股份有限公司,688315.SH,诺禾致源,1157-688315.SH_诺禾致源_三轮反馈回复,http://static.sse.com.cn/stock/information/c/202010/f7e95224a41e453b90b3649553db37ab.pdf,2020-10-12
1158,北京诺禾致源科技股份有限公司,688315.SH,诺禾致源,1158-688315.SH_诺禾致源_二轮反馈回复,http://static.sse.com.cn/stock/information/c/202009/91aafb962c7948508b78d7177ef18a6e.pdf,2020-09-09
1159,北京诺禾致源科技股份有限公司,688315.SH,诺禾致源,1159-688315.SH_诺禾致源_一轮反馈回复,http://static.sse.com.cn/stock/information/c/202008/b934d895e5524126803b871498ee3a73.pdf,2020-08-05
1160,北京信安世纪科技股份有限公司,688201.SH,信安世纪,1160-688201.SH_信安世纪_二轮反馈回复,http://static.sse.com.cn/stock/information/c/202011/047014a218554fe6806da4ce0a249039.pdf,2020-11-19
1161,北京信安世纪科技股份有限公司,688201.SH,信安世纪,1161-688201.SH_信安世纪_一轮反馈回复,http://static.sse.com.cn/stock/information/c/202009/eb2249964856487c8d1cdfab6a3aedd9.pdf,2020-09-29
1162,安徽华恒生物科技股份有限公司,688639.SH,华恒生物,1162-688639.SH_华恒生物_三轮反馈回复,http://static.sse.com.cn/stock/information/c/202010/10c21d37fa9248789379a09fbd6e1789.pdf,2020-10-29
1163,安徽华恒生物科技股份有限公司,688639.SH,华恒生物,1163-688639.SH_华恒生物_二轮反馈回复,http://static.sse.com.cn/stock/information/c/202009/b9f8a0103e2347d4912b4df89c396c1a.pdf,2020-09-08
1164,安徽华恒生物科技股份有限公司,688639.SH,华恒生物,1164-688639.SH_华恒生物_一轮反馈回复,http://static.sse.com.cn/stock/information/c/202008/ad98f593364c474d89b20252de1f425f.pdf,2020-08-10
1165,博众精工科技股份有限公司,688097.SH,博众精工,1165-688097.SH_博众精工_三轮反馈回复,http://static.sse.com.cn/stock/information/c/201907/a84048fb85b34710bdde1137f00732b5.pdf,2019-07-15
1166,博众精工科技股份有限公司,688097.SH,博众精工,1166-688097.SH_博众精工_二轮反馈回复,http://static.sse.com.cn/stock/information/c/201905/2203629cecf740f598dc92c698ad5e01.pdf,2019-05-21
1167,博众精工科技股份有限公司,688097.SH,博众精工,1167-688097.SH_博众精工_一轮反馈回复,http://static.sse.com.cn/stock/information/c/201905/e9b38341bc23442b8c2ff0be9c8d7f1d.pdf,2019-05-01
1168,爱威科技股份有限公司,688067.SH,爱威科技,1168-688067.SH_爱威科技_二轮反馈回复,http://static.sse.com.cn/stock/information/c/202009/4bdb20c47a3540ca88eca0e1f21a1886.pdf,2020-09-25
1169,爱威科技股份有限公司,688067.SH,爱威科技,1169-688067.SH_爱威科技_一轮反馈回复,http://static.sse.com.cn/stock/information/c/202008/3d8a4fea6f6747b49574db32ac5a4889.pdf,2020-08-04
1170,北京煜邦电力技术股份有限公司,688597.SH,煜邦电力,1170-688597.SH_煜邦电力_二轮反馈回复,http://static.sse.com.cn/stock/information/c/202012/81c330da8913457fae61912479ac5b77.pdf,2020-12-25
1171,北京煜邦电力技术股份有限公司,688597.SH,煜邦电力,1171-688597.SH_煜邦电力_一轮反馈回复,http://static.sse.com.cn/stock/information/c/202011/56da523b8ff14c94bf4650075584a690.pdf,2020-11-02
1172,气派科技股份有限公司,688216.SH,气派科技,1172-688216.SH_气派科技_二轮反馈回复,http://static.sse.com.cn/stock/information/c/202010/3b46628a8c63497e88b954a3e0a102d6.pdf,2020-10-14
1173,气派科技股份有限公司,688216.SH,气派科技,1173-688216.SH_气派科技_一轮反馈回复,http://static.sse.com.cn/stock/information/c/202009/a510e781aaf2450b8bd26a7d30b03c68.pdf,2020-09-08
1174,无锡力芯微电子股份有限公司,688601.SH,力芯微,1174-688601.SH_力芯微_二轮反馈回复,http://static.sse.com.cn/stock/information/c/202010/0863ebc0d5f34d3c9bbac71ce0fa8003.pdf,2020-10-21
1175,无锡力芯微电子股份有限公司,688601.SH,力芯微,1175-688601.SH_力芯微_一轮反馈回复,http://static.sse.com.cn/stock/information/c/202009/2f300070fe214581bfd082c76ca57ac5.pdf,2020-09-24
1176,广东利元亨智能装备股份有限公司,688499.SH,利元亨,1176-688499.SH_利元亨_三轮反馈回复,http://static.sse.com.cn/stock/information/c/201906/eec0330de252433291140e5d6415b7f0.pdf,2019-06-11
1177,广东利元亨智能装备股份有限公司,688499.SH,利元亨,1177-688499.SH_利元亨_二轮反馈回复,http://static.sse.com.cn/stock/information/c/201906/a6240e4b8d7b4bcd8ad332ff1568cc45.pdf,2019-06-06
1178,广东利元亨智能装备股份有限公司,688499.SH,利元亨,1178-688499.SH_利元亨_一轮反馈回复,http://static.sse.com.cn/stock/information/c/201905/9eee4ccab43542729c0ee1f9294197d0.pdf,2019-05-13
1179,杭州宏华数码科技股份有限公司,688789.SH,宏华数科,1179-688789.SH_宏华数科_二轮反馈回复,http://static.sse.com.cn/stock/information/c/202010/402125dc2c55485a89347f5af141e14f.pdf,2020-10-22
1180,杭州宏华数码科技股份有限公司,688789.SH,宏华数科,1180-688789.SH_宏华数科_一轮反馈回复,http://static.sse.com.cn/stock/information/c/202008/baf5aff590d74b19b84a0bda5d540e34.pdf,2020-08-14
1181,山东英科环保再生资源股份有限公司,688087.SH,英科再生,1181-688087.SH_英科再生_二轮反馈回复,http://static.sse.com.cn/stock/information/c/202011/327b0bb3e1dc4c1587607d0bb9757bce.pdf,2020-11-19
1182,山东英科环保再生资源股份有限公司,688087.SH,英科再生,1182-688087.SH_英科再生_一轮反馈回复,http://static.sse.com.cn/stock/information/c/202010/b6090c12acc045daaf49899b069ff5c1.pdf,2020-10-13
1183,湖南华纳大药厂股份有限公司,688799.SH,华纳药厂,1183-688799.SH_华纳药厂_三轮反馈回复,http://static.sse.com.cn/stock/information/c/202011/dd477d7e82af45b69f2fc8fbeed843c9.pdf,2020-11-18
1184,湖南华纳大药厂股份有限公司,688799.SH,华纳药厂,1184-688799.SH_华纳药厂_二轮反馈回复,http://static.sse.com.cn/stock/information/c/202010/1410c43891914f2b8d694b0260753512.pdf,2020-10-22
1185,湖南华纳大药厂股份有限公司,688799.SH,华纳药厂,1185-688799.SH_华纳药厂_一轮反馈回复,http://static.sse.com.cn/stock/information/c/202009/5f3bc89f419544af89dc34b53f56057e.pdf,2020-09-07
1186,苏州瑞可达连接系统股份有限公司,688800.SH,瑞可达,1186-688800.SH_瑞可达_二轮反馈回复,http://static.sse.com.cn/stock/information/c/202104/ffbfab0130f44609a9a35612cfb4e0f7.pdf,2021-04-21
1187,苏州瑞可达连接系统股份有限公司,688800.SH,瑞可达,1187-688800.SH_瑞可达_一轮反馈回复,http://static.sse.com.cn/stock/information/c/202103/925e895ada024651a09bb7910e935104.pdf,2021-03-08
1188,上海唯赛勃环保科技股份有限公司,688718.SH,唯赛勃,1188-688718.SH_唯赛勃_二轮反馈回复,http://static.sse.com.cn/stock/information/c/202103/5d42b1e5f316453982780b3bbee72a41.pdf,2021-03-09
1189,上海唯赛勃环保科技股份有限公司,688718.SH,唯赛勃,1189-688718.SH_唯赛勃_一轮反馈回复,http://static.sse.com.cn/stock/information/c/202012/61b6c3abb006499b8db2569b00da60f3.pdf,2020-12-28
1190,北京海天瑞声科技股份有限公司,688787.SH,海天瑞声,1190-688787.SH_海天瑞声_四轮反馈回复,http://static.sse.com.cn/stock/information/c/201907/0160405ba5c7483fa89084522b6f23e7.pdf,2019-07-08
1191,北京海天瑞声科技股份有限公司,688787.SH,海天瑞声,1191-688787.SH_海天瑞声_三轮反馈回复,http://static.sse.com.cn/stock/information/c/201906/9e6b8e4bc1864a9fa4faff5b179b5586.pdf,2019-06-12
1192,北京海天瑞声科技股份有限公司,688787.SH,海天瑞声,1192-688787.SH_海天瑞声_二轮反馈回复,http://static.sse.com.cn/stock/information/c/201906/12518f77e9ee404d820eb0882aaac4b3.pdf,2019-06-03
1193,北京海天瑞声科技股份有限公司,688787.SH,海天瑞声,1193-688787.SH_海天瑞声_一轮反馈回复,http://static.sse.com.cn/stock/information/c/201905/4693c482804d416094a3ced532b7fb47.pdf,2019-05-05
1194,昆山国力电子科技股份有限公司,688103.SH,国力股份,1194-688103.SH_国力股份_二轮反馈回复,http://static.sse.com.cn/stock/information/c/202104/f9b878d067514bf3b76b9aa6b00fa0ec.pdf,2021-04-30
1195,昆山国力电子科技股份有限公司,688103.SH,国力股份,1195-688103.SH_国力股份_一轮反馈回复,http://static.sse.com.cn/stock/information/c/202104/317ddcbd328a4f9a9e1a310c2996ca5b.pdf,2021-04-01
1196,广州禾信仪器股份有限公司,688622.SH,禾信仪器,1196-688622.SH_禾信仪器_三轮反馈回复,http://static.sse.com.cn/stock/information/c/202012/f6f5feca0b6f4a6e8f97fa5a26514110.pdf,2020-12-23
1197,广州禾信仪器股份有限公司,688622.SH,禾信仪器,1197-688622.SH_禾信仪器_二轮反馈回复,http://static.sse.com.cn/stock/information/c/201912/91fb74f061944fcca5ae0d4b51d395f9.pdf,2019-12-20
1198,广州禾信仪器股份有限公司,688622.SH,禾信仪器,1198-688622.SH_禾信仪器_一轮反馈回复,http://static.sse.com.cn/stock/information/c/201909/8ccddd1fb5ff41f1a85855d181a20acb.pdf,2019-09-27
1199,苏州新锐合金工具股份有限公司,688257.SH,新锐股份,1199-688257.SH_新锐股份_三轮反馈回复,http://static.sse.com.cn/stock/information/c/202103/01d1e3a3f3c64fca81e084f42514e173.pdf,2021-03-30
1200,苏州新锐合金工具股份有限公司,688257.SH,新锐股份,1200-688257.SH_新锐股份_二轮反馈回复,http://static.sse.com.cn/stock/information/c/202103/b732933971cf45aa9a5f4515f9bc07c9.pdf,2021-03-02
1201,苏州新锐合金工具股份有限公司,688257.SH,新锐股份,1201-688257.SH_新锐股份_一轮反馈回复,http://static.sse.com.cn/stock/information/c/202101/49dec7c07f9c4a29b42beb148833f434.pdf,2021-01-28
1202,北京市春立正达医疗器械股份有限公司,688236.SH,春立医疗,1202-688236.SH_春立医疗_三轮反馈回复,http://static.sse.com.cn/stock/information/c/202108/d58aaafbc6ed4d989e4aaf57a0118353.pdf,2021-08-05
1203,北京市春立正达医疗器械股份有限公司,688236.SH,春立医疗,1203-688236.SH_春立医疗_二轮反馈回复,http://static.sse.com.cn/stock/information/c/202107/32c92f4cc58f42c5900d65ca8a370c08.pdf,2021-07-16
1204,北京市春立正达医疗器械股份有限公司,688236.SH,春立医疗,1204-688236.SH_春立医疗_一轮反馈回复,http://static.sse.com.cn/stock/information/c/202106/e724b39027cc4354ac30700ce2ca10b7.pdf,2021-06-28
1205,上海赛伦生物技术股份有限公司,688163.SH,赛伦生物,1205-688163.SH_赛伦生物_五轮反馈回复,http://static.sse.com.cn/stock/information/c/202103/126d763e8d0d453dac4d1af3e47e6b14.pdf,2021-03-01
1206,上海赛伦生物技术股份有限公司,688163.SH,赛伦生物,1206-688163.SH_赛伦生物_四轮反馈回复,http://static.sse.com.cn/stock/information/c/202101/7c5467ee8331468ab9cbbb35597bdd0f.pdf,2021-01-19
1207,上海赛伦生物技术股份有限公司,688163.SH,赛伦生物,1207-688163.SH_赛伦生物_三轮反馈回复,http://static.sse.com.cn/stock/information/c/201910/8ca1efd9f87e4e1ba8cf0dc8baaaef70.pdf,2019-10-25
1208,上海赛伦生物技术股份有限公司,688163.SH,赛伦生物,1208-688163.SH_赛伦生物_二轮反馈回复,http://static.sse.com.cn/stock/information/c/201909/42f962402d30453184a1cfd1aec2ea8c.pdf,2019-09-29
1209,上海赛伦生物技术股份有限公司,688163.SH,赛伦生物,1209-688163.SH_赛伦生物_一轮反馈回复,http://static.sse.com.cn/stock/information/c/201909/18151d24502e4f76a33d628f6bd781b8.pdf,2019-09-03
1210,苏州德龙激光股份有限公司,688170.SH,德龙激光,1210-688170.SH_德龙激光_二轮反馈回复,http://static.sse.com.cn/stock/information/c/202110/4228146ff636410f9d6f18358ef8813e.pdf,2021-10-25
1211,苏州德龙激光股份有限公司,688170.SH,德龙激光,1211-688170.SH_德龙激光_一轮反馈回复,http://static.sse.com.cn/stock/information/c/202109/0b5089688fe04805a5f4aade52d43f07.pdf,2021-09-09
1212,钜泉光电科技（上海）股份有限公司,688391.SH,钜泉科技,1212-688391.SH_钜泉科技_二轮反馈回复,http://static.sse.com.cn/stock/information/c/202204/c12a801ee18b4d9395fac5dc83b8e352.pdf,2022-04-14
1213,钜泉光电科技（上海）股份有限公司,688391.SH,钜泉科技,1213-688391.SH_钜泉科技_一轮反馈回复,http://static.sse.com.cn/stock/information/c/202203/f70c306655dd4b568a5222dd7749fe64.pdf,2022-03-15
